customer_id,churn_prediction,churn_probability
767114958,0,2e-06
708123033,0,5e-06
715424283,0,0.000106
717865008,0,0.0
710188308,0,0.000101
716574033,0,0.000109
713183508,0,0.0
718583133,0,1.5e-05
783554958,0,0.0
714418158,0,1.7e-05
710061783,1,0.999998
716225433,0,2e-06
788327358,0,0.000205
714847983,0,0.0
720031908,0,0.0
713700258,0,0.0
721265883,0,4.3e-05
715321008,1,1.0
717831783,0,2.3e-05
711480108,0,0.0
797638383,0,2e-06
709950858,0,0.0
717060858,1,0.999991
716045508,0,0.000408
787482033,1,0.999992
719601708,0,0.0
717683583,0,1e-06
813905508,0,3.8e-05
769985883,1,0.849688
718927533,0,5.2e-05
784868958,0,0.0
787539333,0,1e-06
789871233,0,0.0
826061508,0,3.7e-05
716354883,1,1.0
717678408,0,0.0
715341858,0,1.3e-05
713003358,1,1.0
713374533,0,5e-06
709985133,0,6e-06
771204108,0,0.0
713758758,0,4e-06
709453833,0,0.0
713227233,0,1e-06
714967233,1,0.979334
714358008,0,0.000301
779514558,0,1.3e-05
794498733,0,5e-06
793015083,0,0.0
789212883,1,1.0
718677858,0,0.0
713675658,0,7.8e-05
719523108,0,0.000125
708390633,0,1e-06
715098333,0,2e-06
712060158,0,2e-06
716831508,0,0.000243
778172583,0,0.0
789430083,0,1e-06
709996833,1,0.999693
708890133,0,2e-06
773332908,0,0.0
715870758,0,5e-06
789363408,0,0.0
779118708,0,3e-06
710544033,0,0.0
717500133,0,0.0
712046808,1,0.999985
815484783,0,1e-06
713843283,0,3.1e-05
717260058,0,0.0001
773383158,0,0.000534
711041508,0,0.0
816843933,0,4e-05
715043508,0,3e-05
717241233,0,3e-06
717521508,0,4e-05
708331758,0,2.5e-05
715571583,0,3e-06
711146358,0,0.000192
789594108,0,7e-06
779327733,0,0.000109
711391308,0,0.0
718994583,0,8.9e-05
718212633,0,1e-06
711861258,0,0.002527
718123608,0,0.0
718958583,1,0.994556
772207683,0,0.000117
719629308,1,0.999837
708303108,0,0.00198
788957358,0,8.9e-05
708727983,0,0.0
714217908,0,0.0004
708928908,0,5.4e-05
712411908,0,0.0
771075258,0,2e-06
717866133,0,3e-06
713652783,0,6.1e-05
714076683,1,0.999998
803963808,0,1e-06
778968408,0,1e-05
720064158,0,0.0
778921908,0,1.3e-05
770878458,0,0.0
786087633,0,1e-06
788752833,0,7.4e-05
766006758,0,2e-06
710342508,0,1e-06
711422358,0,1.1e-05
778574283,0,2e-06
709987683,1,1.0
821168733,0,0.0
717765183,0,1e-05
708723858,0,2.8e-05
720618033,0,5.9e-05
718899708,0,2.7e-05
716437533,0,0.001466
717491058,0,1e-06
711029358,0,0.001148
716768808,0,0.0
801056358,0,0.0
779210283,0,0.0
718441308,0,0.0
713241033,0,0.000259
711064008,0,2.5e-05
772137183,1,0.99999
788739633,1,0.999984
708953883,1,0.999999
716549058,0,3e-06
824789283,0,1e-06
788252358,0,0.0
819752133,0,0.0
716944983,0,0.000114
716545383,0,6e-05
720836808,0,1e-06
783361533,0,0.0
710893533,0,0.018025
709793133,0,5e-06
716609433,1,1.0
715222533,1,1.0
713597658,1,0.999959
720837708,0,8.2e-05
786546783,0,0.003139
778747608,0,4e-06
801385458,0,1e-06
720844008,0,0.0
754443033,1,0.999833
799486158,0,1.2e-05
798140283,0,0.000185
772036233,0,0.000232
711427458,0,0.008063
712727283,0,0.0
710754933,1,0.999999
709938708,0,0.0
710831133,0,0.001871
715570533,1,1.0
794576058,0,2e-06
786557358,0,6e-06
708212658,0,2e-06
818993508,0,1e-06
718466883,0,0.0
717085983,0,1e-06
709986633,0,1e-06
779348358,1,1.0
752944533,0,0.001917
712340733,0,0.000438
814459833,0,0.000232
718373658,0,0.0
771359958,0,8.8e-05
779198133,0,0.000489
788618208,0,1.2e-05
712288158,0,3e-06
711838008,1,0.882177
710202783,0,0.0
771976683,0,3.5e-05
716176683,0,0.0
711278283,0,1.1e-05
715019883,0,0.000137
720292983,0,1e-06
716498883,0,2.3e-05
713798958,0,1.1e-05
716939358,0,1e-06
709005633,1,0.999967
795573333,0,0.0
771069033,0,0.0
801709308,0,0.0
716345283,0,5.8e-05
714835833,0,1e-06
779783508,0,0.0
825767658,0,0.0
717575958,1,0.999972
720753183,0,0.00092
711766758,0,3.8e-05
711397533,0,2e-06
767058183,0,9.3e-05
788864508,0,2.3e-05
778377183,0,4e-06
710844408,0,0.000179
714919308,1,0.999997
708874533,1,1.0
778356408,0,0.0
769035933,0,2.5e-05
771228183,0,0.0
772539558,0,0.001748
714045783,1,1.0
809797158,0,7e-06
719531133,0,0.00061
719192808,0,1.6e-05
720662508,0,1.4e-05
820848408,0,0.0
712412958,0,0.000155
778984383,0,1e-06
712865583,0,0.0
819997983,0,1e-06
718301508,0,3e-06
789197508,0,0.0
809459733,0,0.0
813901458,0,3e-06
772360683,0,9.6e-05
779725833,0,4e-06
712996833,0,1.8e-05
779681433,1,0.99942
787591008,0,0.0
712642533,0,4e-06
721051908,0,0.0
715503558,0,1e-06
709841433,0,5.5e-05
710424408,0,0.041554
709592808,0,0.0
788038383,0,0.000211
714363858,0,6e-06
815015283,0,0.001199
771336783,0,0.0
738899658,1,0.999995
796170933,0,0.001568
720992883,0,8.3e-05
712238958,0,0.0
718530258,0,3.3e-05
711794358,1,0.999698
716366208,0,0.0
770038983,1,1.0
709937583,0,0.0
787623858,0,2.1e-05
711676008,0,0.000274
812218908,1,1.0
720281508,0,0.0
721139808,0,0.001152
709990983,0,0.000235
718244958,0,3.3e-05
756639708,0,3e-06
718645308,0,0.0
717389433,0,5e-06
779310033,1,1.0
717192933,0,0.0
718379358,0,0.0
779661033,0,1e-06
715880283,0,0.000243
719469333,0,0.0
708974283,0,0.0
789859833,0,0.000201
772339383,0,0.000773
716319258,0,0.0
720330558,1,1.0
789827208,0,1.1e-05
751450008,0,8e-05
789791808,0,1e-06
717321783,0,2e-06
712549758,0,0.000538
712470033,0,0.000108
719291283,0,2e-06
720413658,0,1e-05
709230708,0,0.014365
708384033,1,0.996573
715029333,0,1e-06
771040758,0,2.3e-05
711635358,0,0.0
716604633,0,9e-06
716438433,0,0.0
711216933,0,1e-06
713916708,0,0.0
710106933,0,4.3e-05
806189658,0,0.0
770632758,0,0.009023
789238683,0,2e-06
711873033,1,1.0
720384633,0,0.0
712181658,0,0.0
714957108,0,1e-06
720247158,0,0.000782
772313358,0,0.0
803652633,0,0.00039
771422883,1,1.0
718009158,0,0.0
712612233,0,1.2e-05
709901058,0,0.0
716682258,0,5e-06
711478233,0,0.000222
720040158,0,1.8e-05
720212508,0,3.7e-05
787605558,0,0.0
780557658,0,0.001165
709952658,0,1e-05
793379058,0,0.0
716971833,0,7e-06
720997383,1,0.99998
827111283,0,6.4e-05
769396158,1,1.0
820085808,0,0.010175
780349833,0,0.0
715964058,0,1e-06
771903033,0,0.0
802668333,1,0.999916
718504983,0,0.00011
714882258,0,6e-06
714211533,0,7e-06
720198183,0,5e-06
803587533,0,0.0
720050208,0,1e-05
771058908,0,0.0
708971583,0,1e-06
788812608,0,0.0
805282908,0,0.0
717403158,0,0.000459
718418958,1,1.0
721374033,0,2.4e-05
710849208,0,8e-06
771823308,0,0.000291
719019483,0,9e-06
769927533,0,0.0
718951683,0,1e-06
709666908,0,1e-06
719857008,0,0.0
788709408,0,0.0
710641008,0,1.3e-05
815812683,0,0.000835
717624708,1,1.0
789398733,0,0.0
716136333,1,0.998074
715162608,1,0.999977
710822808,0,1.3e-05
714147858,0,2.2e-05
767333808,0,5e-06
719654283,0,2e-06
766273533,0,1e-06
779601783,0,3.1e-05
711370458,0,4e-06
715519983,0,0.0
788782008,0,0.011312
787595658,0,2e-06
758211483,0,0.0
710637183,0,1e-06
712144158,1,0.999999
715378383,0,0.0
771061008,1,0.999998
719583558,0,1e-06
810986883,0,4e-06
788797983,0,0.000558
815104608,0,4e-06
715369008,0,0.0
713418558,0,4.6e-05
708332808,0,2e-06
719729433,0,4.6e-05
789022233,0,1e-06
714234858,0,4e-06
709170108,1,1.0
779727558,0,0.000192
708245808,0,0.0
778255083,0,0.0
718755483,0,0.000554
712627083,1,1.0
788990508,0,3e-06
804437658,0,0.000147
778430733,0,1e-06
808747233,1,1.0
710555433,1,0.796448
708826158,0,5e-06
717023508,0,1e-06
719694408,1,0.994738
710014683,0,1e-06
815596608,0,3e-06
712721358,1,1.0
716870583,0,0.0
780076833,0,4e-06
793616883,0,0.0
789105183,0,0.0
817970208,0,0.000278
779844408,1,0.999956
719206308,0,3.9e-05
721269108,0,0.000106
772139433,0,1e-05
717042333,1,0.999999
710273658,0,2.3e-05
716626008,0,1e-06
716230158,0,0.0
713010483,0,6e-06
711220683,0,0.0
721398858,0,8e-06
779400183,0,0.000327
789964983,1,0.999997
715102308,0,2e-06
712730583,0,0.000115
718870158,0,0.0
719484408,0,5e-06
720244983,0,0.0
781306758,1,0.999999
779412783,0,0.000191
721217283,0,3e-06
815062383,0,2e-06
714155283,0,1e-06
716981358,0,4e-06
824915208,0,3e-06
708498033,1,1.0
716860233,0,1e-05
709839858,0,1e-06
713144208,1,1.0
708573933,0,8e-06
712579983,0,0.0
790099758,0,0.000772
711305208,0,0.000805
720062508,1,0.999996
708205083,0,5e-06
772336458,1,1.0
710986758,0,0.0
789271533,0,3.4e-05
711360783,0,0.0
714035283,1,0.999882
720415833,0,2e-06
778873608,0,3.3e-05
718661958,0,0.000989
719026383,0,0.000209
710229333,0,1.4e-05
720437358,0,0.009883
811467708,0,0.0
778933983,0,0.0
719413383,0,0.0
718252533,1,0.999545
718188858,0,6e-06
711382458,1,0.999997
721212258,0,0.0
717600483,0,1.7e-05
761544333,0,5.5e-05
809425533,0,1e-06
709678608,0,3e-05
713151258,0,3e-06
715345833,0,1.9e-05
720776508,0,0.000121
720689583,0,1e-06
801728658,0,0.001357
718979733,0,1e-06
721163133,0,2e-06
710595783,0,0.000871
714781908,0,0.0
709618308,0,2e-06
713971608,0,4e-06
718020408,0,0.0
716513358,0,9.6e-05
710401458,0,0.003602
712177908,0,1e-06
719216508,0,4e-06
711017433,0,1.7e-05
788386908,0,0.0
710819733,1,1.0
711978858,0,0.000114
807136758,1,0.999925
716138958,0,3e-06
713070033,0,2.5e-05
827055333,0,0.00081
827408058,0,1.3e-05
793608258,1,1.0
717013383,0,0.000144
714320358,0,0.00285
716948283,0,0.0
717657333,0,0.093376
788687133,0,2e-06
710736558,0,0.000157
708721533,0,1.4e-05
817108083,1,0.999999
719737833,0,9.4e-05
813967983,0,3e-06
771464808,0,0.0
713025558,1,0.991141
779016408,0,2.1e-05
712096758,0,3e-06
789523683,0,1.2e-05
713177808,0,0.0
718777008,0,3e-06
711004533,0,0.0
720046458,0,0.0
710453283,0,0.023541
708736608,1,0.999999
778908783,0,4.2e-05
716056158,1,1.0
773257233,0,2e-06
711371208,0,0.0
711831558,0,0.0
712164333,1,0.999951
780126033,1,0.996772
821889858,1,0.999999
779656908,0,2.1e-05
766821033,1,0.999987
789196158,0,0.000243
714228558,0,8e-06
827360883,0,2.5e-05
712815858,0,8e-05
714533058,0,0.0
790149483,0,7.7e-05
771584658,0,0.000201
814181433,0,2e-06
788761608,0,0.0
709009833,0,4e-06
708244458,0,0.000135
797998158,0,1e-06
808279158,0,2e-06
804601833,0,4.4e-05
789690483,0,0.000346
819109308,0,3e-06
739317558,0,0.0
721305408,0,4.6e-05
716535408,0,0.0
719391783,0,0.000203
780602733,0,0.0
789556533,0,0.0
713422083,1,0.999483
721506708,0,0.0
715774833,0,0.001355
714962658,1,1.0
783561558,0,0.0
826709658,1,1.0
790017858,0,0.000489
712319958,0,0.00115
717483558,0,1e-06
713985183,0,0.000141
708404883,0,0.000896
717208833,1,0.987207
816091608,0,0.0
709087983,0,2e-06
710763783,0,2.5e-05
719018208,1,0.999814
713976258,0,2.6e-05
709554483,0,3e-06
794485158,0,0.0
718795083,0,0.0
826451433,0,0.0
826717533,0,8e-06
715294083,1,0.997753
779187783,0,0.0
719513733,0,0.0
709816158,0,1e-06
711720408,0,3e-06
714960408,1,1.0
770746908,0,0.0
716101308,0,0.000105
809825358,0,0.0
719826333,0,0.0
710207208,0,4e-06
720128658,1,1.0
780727833,0,5e-06
802247658,1,0.999923
717787533,0,0.009944
721115733,0,7e-06
709446783,0,4.9e-05
784719708,0,2e-06
718570158,0,0.001062
709965858,0,1.2e-05
757594083,0,1e-06
789599283,0,2e-06
718947558,0,0.0
721147383,0,0.0
720683958,0,0.000193
780657708,0,0.000362
713935533,0,1.2e-05
713948808,0,1e-05
715406658,1,0.999739
772640808,0,2e-05
708496833,1,0.99992
804847308,0,0.0
716931183,0,0.0
714030183,0,0.000118
809296308,0,2e-06
708358683,0,5e-06
794664183,0,1e-06
712475733,0,0.004879
708770883,0,1e-06
821339433,0,0.0
709206333,1,0.999627
806914158,1,1.0
709607733,0,1.7e-05
712843983,1,0.996894
780511683,1,0.999872
709161108,1,0.999969
708272808,0,0.0
708680583,0,2.4e-05
708712833,0,1e-06
711947358,0,3e-06
719634408,0,0.0
718267233,0,0.000142
715479483,0,0.000772
711164508,0,0.0
719294433,0,2.9e-05
714412308,1,0.999985
716434533,1,0.999999
719061933,0,6.8e-05
719091333,0,2e-06
716573058,1,1.0
740784258,0,0.0
711863433,0,1e-06
780529908,0,2e-06
715132758,0,0.0
713934633,1,0.99906
827423433,0,1e-06
708385533,1,0.999543
789407958,0,1e-06
712589658,0,1e-06
714759708,0,4.8e-05
826068183,0,0.001221
709913733,0,6.1e-05
789744033,0,6.9e-05
710926383,0,0.000137
714052158,1,1.0
714900408,0,0.016116
787532808,0,0.0
802449933,0,4e-06
755996583,1,1.0
709625733,0,9e-06
719686458,0,0.247228
708642708,1,1.0
790082508,0,5.2e-05
713205108,0,0.0
710838108,0,0.000651
714427608,0,5e-06
711655683,0,4e-06
826168083,0,2.9e-05
708553008,0,0.009884
719554758,0,5.9e-05
820383558,0,3.7e-05
817293258,0,1e-06
709275558,0,5.1e-05
816078708,0,2e-06
719490108,0,0.000565
710410158,1,0.996841
813961233,0,0.0
714259533,0,8.1e-05
713550483,0,1e-06
719073483,1,0.999824
710428308,0,1e-06
779340183,0,0.002677
788820933,0,0.0
798022683,1,0.999999
717273333,0,0.0
713952558,1,0.990752
712545183,0,3.2e-05
789611283,0,0.0
713339283,0,5.5e-05
721032633,1,0.999997
719953383,0,3e-06
712814658,0,0.0
711764733,0,0.008591
715915458,0,9.3e-05
720712533,0,1e-06
709984083,0,0.0
719268333,0,0.0
790048158,0,0.000152
717856983,0,0.000177
715545933,0,2e-06
709861008,0,0.0
712863183,0,0.000172
712423233,0,0.0
711648708,0,2.7e-05
714864333,1,0.999989
788830683,0,2e-06
719358333,0,0.000617
789541458,0,1e-06
711589758,0,1e-06
711574008,0,0.00127
779548008,0,1e-06
801037833,0,1e-06
720924633,0,5.6e-05
718596858,0,8.5e-05
737967708,0,3e-06
798110358,0,0.010113
789582483,0,0.0
710529708,0,0.000453
789526458,0,0.000616
711039633,0,0.006019
828294933,1,0.999839
720422358,0,0.000103
720252858,0,0.000684
788966958,0,6e-06
714435408,0,1e-06
713453733,0,1.5e-05
711208083,0,1e-06
721220583,0,0.0
720205608,0,0.0
789983133,0,0.000347
787581858,0,0.0
708705783,1,1.0
717234183,0,0.000641
808705758,0,1e-06
711183558,0,0.00192
812979408,1,0.999988
715354008,0,1e-06
721062408,0,0.241789
712410858,0,0.0
779116158,0,0.001726
712866933,0,0.0
710411358,1,1.0
771881283,0,1.8e-05
715363908,0,0.008467
789560433,1,0.999994
709752183,0,2e-06
807161508,0,1.8e-05
708393633,0,4e-06
771886233,0,0.0
716930133,0,0.000441
809937933,0,7e-06
816596583,0,1e-06
718803333,0,3e-06
795237183,0,7e-06
720419358,0,1e-06
719514783,0,3e-06
780374133,0,0.0
810868758,0,5e-06
714286383,0,0.0
708588408,0,1.5e-05
813338733,0,0.0
788826408,0,0.000334
713134458,0,2e-06
716350008,0,0.0
738062658,0,0.0
709449333,0,0.0
718665933,0,5.1e-05
748503708,0,1.8e-05
807141183,0,0.000467
766381908,0,4e-06
822112383,0,0.0
709061658,0,1.1e-05
797166633,0,1e-06
789435783,0,1.8e-05
708266883,1,0.99983
716793108,0,1e-06
712253058,0,0.0
716430933,0,0.0
715746633,0,0.006635
714842208,0,0.0
713879283,0,0.003351
778679883,0,3.7e-05
712110333,1,1.0
720724008,0,3e-06
708387933,0,3.1e-05
712165308,0,1e-06
720283758,1,0.997828
708473133,0,0.000362
810493458,0,0.000162
711122958,1,0.999998
721502958,0,3e-06
715908558,0,0.007085
711594858,0,5e-06
789513858,1,1.0
712795833,1,0.99989
719628033,0,0.000305
718282983,0,0.0
714121983,0,9.4e-05
709791333,0,3.5e-05
779916408,0,0.000135
711657783,0,1.5e-05
780203883,0,1e-06
709367433,0,9.2e-05
736145283,0,2e-05
711516783,0,0.000336
712104333,0,6.8e-05
711116133,1,0.999816
712988958,0,9.2e-05
771201408,0,1e-06
712011633,0,1e-06
713579733,0,1e-06
796544133,0,8e-06
709272333,0,3.8e-05
715153158,0,0.000366
779342958,0,0.000184
810545733,0,1e-06
805453908,0,0.0
817086783,0,9e-06
714943233,0,1e-06
789097833,0,3.3e-05
759584958,1,1.0
708886533,0,0.0
708761733,0,0.04535
711600033,0,5.4e-05
769935783,0,5.1e-05
717446208,0,7e-06
721121283,0,3e-06
819151083,0,1e-06
716470683,0,5.4e-05
779643858,0,0.000202
787665258,1,0.999941
787475433,0,1e-06
717448383,1,1.0
710812533,1,0.999925
716461683,0,1e-06
814571058,0,0.0
712071708,0,0.044598
720769533,0,5e-06
794581533,0,1e-06
715732533,1,0.999817
708286683,0,1e-06
708543258,0,4e-06
713809833,0,0.0
793636308,0,1e-06
789095958,1,0.99999
757722708,0,3e-06
738627708,1,0.999988
820353558,0,8.5e-05
718739508,0,0.002343
788943333,1,0.999914
708397008,0,0.0
711392508,0,2.5e-05
780653208,0,1.1e-05
710251608,0,0.000469
719354433,0,9e-06
710676483,0,0.00036
826414083,0,0.0
720673008,0,1e-06
716736858,0,0.0
715660308,1,0.99997
785387883,0,1.3e-05
721028283,0,0.0
717797658,0,6e-06
712390683,0,0.016927
717965808,0,2.2e-05
721514883,0,2.6e-05
718477983,0,1.4e-05
719671383,0,7e-06
711191808,0,4.8e-05
708637758,0,5.3e-05
794675058,1,0.999999
720508233,1,0.965313
713094483,0,3.7e-05
780064983,0,0.00023
710155158,1,1.0
710904708,0,1e-06
801715383,1,0.999961
806889633,0,1e-05
794831733,0,0.00038
712019883,0,5.2e-05
770956158,0,2e-06
778386033,0,0.057137
708147108,0,0.0
710310108,0,0.0
771982083,0,8e-06
714754533,0,0.0
717626508,0,0.0
718328283,0,0.0
716739258,0,1e-05
714277758,0,0.00011
720210483,0,0.0
720411183,0,0.0
711379083,0,2e-06
798558783,0,0.0
713363583,0,0.0
720339558,0,9e-06
715008858,0,4e-06
779037408,0,0.00079
721513833,0,2e-06
714311583,0,0.0
797414733,0,0.008544
716864733,0,0.041605
712924383,1,1.0
719854008,0,0.000352
771630783,0,3e-06
771471708,0,0.0
769463433,0,3.5e-05
711377808,0,0.0
713133258,0,0.0
718162908,0,0.002147
713257083,0,0.0
772687983,0,0.0
711535158,1,0.99969
799700208,0,4e-06
717177783,0,5e-06
711402333,0,6.4e-05
714304458,0,6.7e-05
713347608,1,0.999782
718303683,1,0.999999
714317058,0,4e-06
718152333,1,0.999999
716385033,0,5e-06
720674133,0,0.000404
719153433,0,0.0
712765158,0,3.5e-05
713229633,1,0.999977
712256358,0,2e-06
717656433,0,7e-06
771081558,0,0.0
710702733,0,5e-05
779612808,0,1.9e-05
713904708,0,0.0
716546283,0,0.000111
711670308,0,0.0
710856558,0,0.0
713639958,0,1.4e-05
716987358,1,0.999984
720008133,0,1e-05
710084883,0,6e-06
816476658,1,0.999991
778486008,0,2e-06
769053033,1,0.999975
716171358,0,0.0
772684833,0,0.0
709485033,0,0.0
713352183,0,8e-06
712557708,0,2e-06
821149008,1,0.999991
711816108,1,1.0
712532058,0,0.000377
718811058,0,0.0
713696808,1,1.0
753233733,0,8e-06
717030633,0,7e-06
718320933,0,0.0
714608583,1,1.0
715942683,0,0.0
771356508,0,0.000111
711326583,0,0.002387
714621183,0,2e-06
712805658,0,7e-06
808981608,0,0.0
718337733,0,0.0
715921758,0,0.0
779803008,0,0.0
717195933,1,1.0
712562433,1,0.999972
769578108,0,1.3e-05
715442958,0,0.0
708402333,0,0.0
719334408,0,0.000319
788246958,0,0.0
780336258,0,2e-05
772706283,0,2e-06
780684933,0,0.0
712927383,1,1.0
712820208,0,0.0
721434483,0,4.4e-05
720659283,0,2.3e-05
716004258,0,1e-06
713111883,0,7e-05
772248408,0,2.1e-05
787492908,0,0.0
718227033,0,1e-06
711320508,0,1e-06
718828083,0,1e-06
709823733,1,0.999982
772116408,0,0.0
717355533,0,0.0
715932708,0,0.0
719679858,0,0.000147
772323033,0,0.0
714168183,0,3.6e-05
710719683,0,2e-06
719876808,0,3.5e-05
778894233,0,0.0
712881483,0,0.004457
789481233,1,1.0
714767508,0,0.000153
789144633,0,0.002931
710635083,0,0.000175
711557508,0,1.2e-05
720650208,0,0.065376
810856833,0,1e-06
712828533,0,0.185582
714503433,1,1.0
817245183,0,0.0
709106358,0,0.000179
720179883,0,2e-06
816756783,0,4.3e-05
812501358,0,1.5e-05
717203958,0,1.3e-05
719661558,0,0.000177
716297658,0,0.000444
756065433,0,0.000123
717076458,0,1e-06
716586408,0,2e-06
719776608,0,0.000293
710268858,0,6e-06
719400108,0,1e-06
715398858,0,0.003348
717359208,0,0.0
788595183,0,1.3e-05
772082208,0,0.0
720770883,0,8e-06
716263533,0,0.0
719848008,0,4e-06
717073308,0,0.000439
716277558,0,6.3e-05
712010358,1,1.0
709319658,1,1.0
794665608,0,0.000889
708997833,0,2e-06
717135333,0,0.0
795784008,1,1.0
711728208,0,0.0
737925558,0,0.0
719147208,0,0.0
715941633,0,0.00051
714078558,1,0.999999
719453283,0,0.0
794507133,1,0.995151
710790258,0,2.8e-05
755953308,0,2e-05
712710708,0,2.3e-05
717843783,0,7.6e-05
710297133,0,1.5e-05
716222808,0,4.4e-05
714069858,0,0.001623
787659483,0,2.2e-05
757167633,0,1e-06
717207408,0,3e-06
778224858,0,0.0
709103358,0,0.0
816829608,0,2.4e-05
719838558,0,0.0
718161708,0,0.000377
717382608,0,2e-06
711762408,0,1e-06
811571733,0,1e-06
779403558,0,9e-06
718399233,0,0.000679
711343233,0,0.001094
779536233,0,6e-06
718893333,0,0.0
716697708,1,0.999991
708788583,1,0.999999
713808633,0,0.0
721210158,0,1.3e-05
789666333,0,1.2e-05
710872233,0,0.023088
780497958,0,3e-05
798047583,0,0.000284
817089408,0,2e-06
787472283,0,0.0
801786483,0,0.000117
709040508,0,0.0
709257708,0,1e-06
753118533,0,1e-06
812222208,0,0.01098
714187533,0,0.000564
789180933,0,1e-06
718140783,0,1.9e-05
713924283,1,0.985204
713236458,0,1e-06
816315558,0,0.000194
770135358,0,0.0
714284358,0,0.0
712965183,0,2e-06
713668158,1,0.999719
784819758,0,0.0
712025958,0,3e-06
713653983,0,0.0
712619808,0,0.0
710086308,0,0.0
711781233,0,2e-06
708254733,0,0.006888
788930358,0,9e-06
714361083,1,0.999675
713253858,1,0.999993
771020133,0,0.000507
719593608,1,0.999983
714407058,0,0.0
721282908,0,0.000139
771507258,0,0.0
716285358,0,0.0
711985833,0,0.315512
717182883,0,3.6e-05
714618333,0,3.5e-05
709443633,0,1e-06
778180158,0,2e-06
713755458,1,1.0
767269908,0,0.0
778231983,0,0.0
769911858,0,1e-06
711866358,0,1e-06
774437583,0,1e-06
711232608,1,1.0
721315233,0,8e-06
713401758,0,0.0
769438608,1,1.0
713172408,0,4e-06
778425408,0,1e-06
718611333,0,0.0
771400608,0,7.2e-05
719990358,0,2.6e-05
714250908,1,0.999998
715992558,0,0.0
713181558,0,2e-06
793597833,0,0.0
816013383,1,0.999999
715518783,0,0.0
779353083,0,7.3e-05
719881533,1,0.999946
792864858,0,0.000667
808681158,0,0.00029
717390408,1,1.0
720551733,1,1.0
772273983,1,1.0
720648483,0,0.001643
721486908,0,8e-06
716657058,0,6e-06
713630733,0,0.000256
718586133,0,3.6e-05
717482658,0,0.00038
718503108,0,9.1e-05
714148758,1,0.369807
708902883,0,1e-06
771499233,0,2.4e-05
714113658,0,1e-06
713231658,0,0.0
708319908,1,1.0
715629783,0,1.2e-05
820587258,0,3.4e-05
771852483,0,5.2e-05
712578933,1,0.999441
711263058,0,3e-06
779405133,0,1e-06
716094333,0,0.0
778837083,1,0.981783
712434708,1,0.999986
771431133,0,0.000229
709716258,0,1e-05
710464683,0,0.0
787543008,0,8e-06
709363383,0,1.7e-05
817988433,0,0.0
717189183,0,4e-06
710854008,0,4.2e-05
714531108,0,0.0
778420383,0,3e-06
809068983,0,0.000477
713131158,1,0.999434
709649958,1,1.0
754886958,0,4e-06
713476758,0,1.7e-05
709473708,0,0.0
708190158,1,0.999968
719813058,0,2.3e-05
708158133,1,0.999982
815826708,0,7e-06
712682583,0,4.3e-05
714917583,0,0.0
711577458,0,1e-06
717623583,0,0.000164
708899283,0,0.010699
720249183,0,6.2e-05
718653333,1,1.0
721424583,0,0.0
708451233,0,0.000522
788122533,0,0.003311
708298233,1,0.999273
711935283,1,0.999997
769892058,0,5.2e-05
717954333,0,0.0
820108008,0,0.0
712840608,0,3e-05
817240833,0,6.6e-05
771051783,0,0.002403
779895108,0,2e-06
714811533,0,3e-06
714945708,1,0.999885
712925808,1,0.999997
712302783,0,2.1e-05
710725383,0,5e-06
708710283,0,0.0
708382083,0,5e-05
767404083,1,1.0
773297508,0,1e-06
717478983,0,1.9e-05
709679658,0,0.0
721427358,1,0.999995
718178583,0,1.1e-05
718489608,0,0.000274
721349883,0,0.000417
787505133,1,0.999997
711521958,0,2e-06
708271833,0,0.001361
711242058,1,0.999976
718524783,1,1.0
715050408,0,7.8e-05
757527033,0,9.3e-05
717580458,1,0.999225
714938733,1,1.0
719170683,0,4e-06
715347783,0,3.9e-05
790108908,0,0.0
789218433,0,1.4e-05
789469083,0,4e-06
715797783,0,0.000106
713761608,0,2.2e-05
771669183,0,0.0
779521533,0,1e-06
715554708,0,0.0
767687208,0,0.0
708655983,0,0.000298
720729108,0,1e-06
708722583,0,0.0
715371108,1,0.999997
797238108,0,0.00012
718640508,0,0.001391
709487058,0,3.6e-05
712948383,0,2e-06
708469533,0,8e-06
709104333,0,0.025907
755420433,0,0.0
718996758,0,9.1e-05
719445633,0,0.0
709231683,0,9.6e-05
708846183,0,1e-06
826723308,0,0.0
710825658,0,3e-06
796931508,1,0.999999
808753758,0,0.0
789494133,0,9.5e-05
816312633,0,0.000123
720029508,0,3e-06
714971583,0,1e-06
789325008,0,2e-06
713287608,0,8.2e-05
754872333,0,1.8e-05
713573508,1,1.0
718875483,0,0.0
780237033,0,3e-06
710363433,0,0.00048
795232683,0,0.0
719577258,1,1.0
717400533,0,0.001052
713047608,1,0.999854
716645883,0,0.0
709707033,1,0.999622
711112683,0,0.000186
799723908,0,0.0
712290258,0,0.0
710462433,0,0.0
812446158,0,1.7e-05
788741733,0,0.0
780201633,1,0.999978
713656308,0,0.013889
710749458,0,3e-05
817142433,0,0.000736
789491058,0,0.000955
812488608,0,7e-05
710563458,0,4e-06
716013858,0,0.000537
717890583,0,5e-05
789540108,0,0.0
708753633,0,2e-06
772776033,0,0.000342
751283658,0,7.2e-05
711237633,1,1.0
817197333,0,0.032382
718737708,0,0.000165
710507733,0,0.0
712979133,1,0.999909
717975333,0,3e-06
787563858,0,2e-06
779442783,0,0.0
720608658,0,0.0
714524583,1,1.0
713580633,0,0.001515
712214283,0,0.0
720190083,1,1.0
718394658,0,1.6e-05
708615183,0,1e-05
827476983,1,0.979306
803335008,0,0.0
711658758,0,0.0
721232058,0,0.093093
809599158,1,1.0
717127083,0,2e-06
709243533,0,0.0
711267633,1,0.999993
809849358,1,0.999988
720708183,0,0.0
805259733,0,0.000205
712660308,1,0.999996
714296358,0,0.001652
823578483,0,2e-06
709749483,0,3.2e-05
715215108,0,0.0
718415133,0,0.001104
710500983,1,0.999992
714970458,0,0.000881
708931908,0,1e-06
749571633,0,7e-06
801508383,0,3e-06
717185658,1,1.0
812618883,0,3.4e-05
819002508,0,4.4e-05
710218233,0,3.8e-05
719344608,0,4.2e-05
718464258,0,2e-06
710512833,0,7.2e-05
718032483,0,0.0
710159658,0,6.9e-05
715765758,0,0.000388
811700058,1,0.999975
806824908,0,0.0
712428333,0,0.0
710971908,0,0.0
718011783,0,0.0
721399833,0,4e-06
710975883,0,0.000105
712420833,0,4.2e-05
803115258,1,1.0
721005108,0,1e-06
788610258,0,9e-06
716159958,0,1e-06
789231858,0,0.000228
719123958,1,1.0
719337408,0,0.064976
779486433,0,1e-06
817337958,0,0.003705
712774908,0,0.000127
813234108,0,0.002009
792524358,0,1e-06
719282433,0,2e-06
720299283,0,0.0
709479558,0,0.000715
716102583,0,2.8e-05
713733633,1,0.999999
795155433,0,0.0
711783483,0,8e-06
721532583,1,0.880154
714753258,0,0.0
721055058,0,7e-06
720510333,0,0.0
718146258,0,1.2e-05
715664808,1,0.999999
719964933,0,0.0
709173108,1,1.0
719722308,0,0.000128
719666283,0,5e-06
780006783,1,1.0
715601808,0,0.0
769720683,0,0.0
765692658,0,3.7e-05
717819633,0,0.0
718699683,0,0.0
797169633,0,3.4e-05
710636208,0,2.4e-05
709309308,1,0.999999
819690933,0,9.1e-05
711615933,0,7e-06
714933783,0,0.0
778643733,1,0.999886
712867983,0,0.009134
718939083,1,1.0
713512308,1,0.966343
790123983,0,2e-06
711153783,0,0.0
744483633,0,7e-06
719971458,0,0.0
716506083,1,1.0
716329383,1,0.99992
719719158,0,6.3e-05
716107158,1,0.999702
714477408,1,0.998585
773146383,0,0.000513
708635058,0,0.0
803421108,0,3e-05
716210283,0,0.0
711315783,0,0.000636
712489158,0,0.001045
718576908,0,8.5e-05
753208833,0,0.001094
798546408,0,1.1e-05
827114058,0,2.8e-05
771453033,0,0.000423
718452633,1,1.0
718026858,0,3.1e-05
721181883,0,0.000116
717609633,0,2.1e-05
710927733,0,0.000124
711551958,1,1.0
716365233,0,9.1e-05
783121008,0,0.0
716780283,0,0.000593
718471758,0,5e-06
756571983,0,0.001708
714700158,0,1.1e-05
794191008,0,0.0
711000933,0,0.0
789025083,0,0.0
717074283,1,0.999997
714243408,0,0.000242
716462658,0,6.8e-05
719944458,0,0.0
718866633,0,0.0
714247458,0,3e-06
783910008,0,0.0
714294183,1,1.0
789530208,0,0.000328
714389058,0,4e-06
772661808,0,0.0
710135058,0,2.5e-05
716805408,0,0.0
789304983,0,8e-05
743912958,0,7e-06
715311183,0,0.0
720264783,0,0.0
788771733,0,0.0
711724083,1,0.999305
717628608,0,0.014139
712319058,0,4e-06
772231233,0,0.000329
715315008,0,0.005841
778853358,0,0.000558
714581358,1,1.0
710810883,0,1e-06
709879458,0,0.0
811970808,0,1.8e-05
720015183,0,1e-06
708907833,0,0.0
826261008,1,1.0
794682483,0,0.000211
708098133,0,1.1e-05
711069483,0,0.002895
709537683,1,0.999679
710770383,0,0.000177
809811858,1,0.999999
772216833,0,3e-06
717830583,0,0.0
713779908,0,4e-06
712507758,0,0.0
716093133,0,0.000583
817382958,0,0.0
714400308,0,5e-06
789466008,0,1e-06
710289783,1,0.954091
712659408,0,0.0
788791383,0,8.3e-05
709822008,0,1e-06
816615633,0,0.111466
718521258,0,0.002024
713533983,0,1.1e-05
709444983,1,0.99998
717405408,0,4e-06
753226158,0,3e-06
780384483,1,0.999511
720096558,0,4.8e-05
778567983,0,0.000128
711649908,0,1e-06
718038483,0,0.0
719519058,1,0.999904
770985633,0,6.1e-05
713600958,0,1e-06
719801508,0,0.0
713686008,0,1e-06
720401658,1,0.999913
715572783,0,0.0
817908783,0,0.0
712361583,0,0.00044
709108533,0,1e-06
718490658,0,0.00134
790006383,0,0.013029
710744433,0,0.000358
780865308,0,2.9e-05
716643033,1,1.0
789241308,1,0.999987
721344858,0,2.8e-05
717050883,0,0.000111
788979258,0,0.000583
719125158,0,0.007676
709545333,0,0.000205
721165608,0,0.0
714652383,0,0.0
737921733,1,0.969269
804428958,0,0.0
720075558,0,0.000165
769676358,0,0.0
716378658,0,0.003081
714479358,1,0.998605
712141683,0,0.001289
710005683,0,4e-06
721228308,1,1.0
758833758,0,0.01107
787565433,0,1.3e-05
780253533,0,0.001
714595983,1,1.0
709547658,1,1.0
711801933,1,0.999966
715808808,0,4.8e-05
711294258,0,7e-06
708542283,0,5.1e-05
787514433,0,7e-06
779773533,0,4.2e-05
807964908,0,0.0
757753083,0,4.8e-05
779331558,0,3.3e-05
799026633,0,0.00013
719898108,0,0.000144
711252258,0,9e-06
719724933,0,0.0
715413483,0,1.2e-05
751518633,1,0.99917
742552683,0,1e-06
756598833,0,1.6e-05
794562783,0,9.3e-05
779942808,0,2e-06
789151983,0,1e-06
779598183,0,2.8e-05
720714933,0,0.0
708536283,1,0.999998
714548733,0,6e-06
713796033,1,0.999318
770817783,0,1.4e-05
716032233,0,2e-06
719806233,0,2.2e-05
712835433,0,5e-06
713975433,0,0.0
715076358,1,1.0
720731808,1,0.999764
714616308,0,8e-06
717502083,1,0.999963
789362058,0,1e-06
794530608,0,2.8e-05
709007883,0,1e-05
709219533,0,4.2e-05
787723758,0,0.0
710968008,0,1e-06
780638958,0,0.0
716951658,0,0.003618
715956258,0,3e-06
785119833,0,0.000356
710723958,0,3e-06
714011358,0,1.8e-05
717724233,0,1e-05
754671558,0,0.00091
794514108,0,3e-06
719385558,0,0.000915
712637283,0,0.000402
714222183,0,1e-06
709175208,0,3e-06
717112533,0,0.001099
714426783,0,8e-06
721448283,1,0.999999
782548758,0,1e-06
717561108,0,0.0
720585183,0,0.0
714643983,0,1e-06
712291308,0,0.0
713036208,0,0.0
709979583,0,0.000511
717517758,0,1e-06
717271983,0,1.1e-05
718528008,0,0.0
719118708,1,1.0
708657033,0,0.0
717489033,1,0.998952
818926833,0,0.000172
708338958,0,5.1e-05
827683383,0,0.0
717099408,0,9e-06
716878533,0,0.0
797410983,0,0.005336
789625383,0,0.001207
709701558,0,0.0
708334158,0,0.0
710638233,1,0.999907
794496033,0,9e-06
709738008,0,3e-06
808756458,0,0.0
710982858,0,0.0
718451133,0,8.8e-05
717991533,0,0.0
713104458,1,1.0
715783758,0,0.0
716891583,0,0.0
714557583,0,0.000153
714840858,0,1e-06
788911458,0,0.0
712521783,0,1.6e-05
716756133,0,0.000223
793550958,0,7e-05
768687183,0,0.0
778170633,0,0.0
789307833,0,1e-06
718291233,0,0.0
718984533,0,0.0
794293908,0,0.00277
708829758,0,5e-06
717016833,0,1e-06
711339258,0,1e-05
708754833,0,7e-06
716773533,0,6e-06
788896983,0,0.0
715694433,0,2e-06
708403308,0,0.011718
715511658,0,0.0
717327783,0,6e-06
717384183,0,3.1e-05
818929158,0,0.00037
789539058,0,6e-06
718357458,0,0.000246
709530408,0,8e-06
826245858,1,1.0
716800908,0,3.8e-05
714425283,0,0.0
718345233,0,0.15728
713128833,0,0.004036
769577358,0,0.0
758824608,0,1.6e-05
716742483,0,0.00117
710905908,0,6e-05
712902483,0,0.0
772105608,0,2.4e-05
809951133,1,0.999502
710015733,1,0.999999
716893683,1,1.0
788808633,0,5.1e-05
714100008,1,0.999974
717211608,0,6.5e-05
711008508,0,3e-06
712899333,0,0.001154
714091983,0,2e-05
802878408,0,0.0
715958583,0,2e-06
716142858,0,8.1e-05
720449208,0,0.0
739021908,0,3.5e-05
817035108,0,0.0
718957083,0,0.0
712084383,0,2e-06
771952683,0,1.5e-05
719782458,0,0.0
721164483,0,8e-06
806989008,0,0.0
709624533,0,4.2e-05
710570058,1,0.999858
713114133,1,1.0
771224358,0,7.4e-05
809440008,1,1.0
785515533,0,4.6e-05
713709258,0,0.000271
708104658,0,0.000372
817958733,0,6e-06
721183983,0,4.3e-05
810220833,0,3.7e-05
713373708,1,1.0
715710708,0,0.0
717443658,0,2.2e-05
717915783,1,1.0
779217333,0,1e-06
710794983,0,1.8e-05
795855258,0,7.5e-05
788719533,0,0.012017
720782658,0,0.0
720034983,0,5e-06
713536158,0,0.0
755262933,0,1.7e-05
719136183,0,7.4e-05
715898058,0,3e-06
716315508,1,0.999627
788667408,0,0.000206
768949983,0,6.5e-05
778882758,0,2e-06
709465758,0,0.000137
719781183,0,3e-06
720101658,0,9.4e-05
713782608,0,1.1e-05
802101858,0,0.001906
708757233,0,0.0
709711758,1,1.0
772000533,0,3e-06
720827133,1,1.0
789903708,0,0.000121
719855958,0,7e-06
713254983,0,5.6e-05
709120008,0,0.019841
720927183,0,3e-06
716875083,0,1.8e-05
716988633,0,1e-05
711553308,0,4e-06
788802483,0,0.0
708908883,0,2e-06
712644483,0,0.0
716311683,0,1e-06
779707308,0,0.0
720595083,0,0.002376
715034358,0,0.000151
720897783,0,0.0
826513233,0,8e-06
826065258,0,0.0
772426383,0,1e-06
717972408,0,2.1e-05
708888633,1,1.0
714916758,0,1e-05
710888883,0,2e-06
717296808,0,6.2e-05
713847858,1,0.999707
768728508,0,1e-06
762020133,1,1.0
710706558,0,0.052897
709278258,1,0.999935
710679933,1,0.999918
713152383,0,3e-06
771429408,0,5e-06
770721858,0,5.7e-05
778686408,0,1e-06
771682533,0,1e-05
712378983,1,1.0
714615258,1,0.999997
713027058,1,1.0
789485433,0,0.0
716368008,1,0.983187
771935283,0,2e-06
779315508,1,0.999876
794843883,0,0.0
822084333,1,0.999999
714893733,0,0.0052
719474583,0,1e-05
717141858,0,9e-06
712714008,0,0.0
719570733,0,0.000178
720980958,0,1.1e-05
720964683,0,0.000244
718263108,1,0.999618
789101883,0,0.002631
809292483,0,0.000256
778973658,0,6e-06
708560733,0,5.4e-05
721171008,0,0.00057
781297983,0,0.001135
778228458,0,0.013532
797668983,0,1e-06
713492583,1,0.999938
715799808,1,1.0
711647808,0,0.000351
720840108,0,0.000362
711349083,0,0.098684
721247883,0,0.0
720497958,0,0.000281
719466558,0,9.1e-05
753220383,1,1.0
757481283,0,1.3e-05
778506633,1,1.0
819634233,1,0.999996
753795633,1,0.999974
715435758,0,1e-06
772063308,0,0.0
718205283,0,0.0
720863133,0,0.0
709288383,0,0.0
709213458,1,1.0
708670608,0,1e-06
709150608,0,0.032553
713105508,0,0.000162
716303583,0,2e-06
787669233,0,9e-06
771488583,0,9e-06
708269583,0,0.0
779809908,0,0.0
720973833,0,4.7e-05
720236433,0,1e-06
717895833,0,0.0
718921683,0,3e-06
713828208,0,0.0
779241783,0,2.2e-05
797241108,0,6e-06
716635758,0,9e-06
714536208,0,0.000331
709372608,0,0.0
769574883,0,0.007631
718286658,0,1e-06
714839808,0,1.7e-05
718342158,1,0.997142
778573233,0,0.0
715680933,0,7e-05
708396033,0,0.0
713356833,0,5.8e-05
814593858,0,1.7e-05
771592458,0,0.0
827631483,0,0.0
811721133,0,2e-05
720443358,0,0.0
709477233,0,0.0
711942783,0,0.000601
768848658,0,4.6e-05
788772708,0,0.0
717109983,0,0.0
712128258,0,0.004758
720621408,0,0.014708
710295858,0,0.0
714647808,0,5e-06
712374708,0,0.0
715547058,1,0.999996
720539583,0,0.0
712952283,0,0.0
710475408,0,1e-06
715007583,0,0.0
713061558,0,0.074282
772288758,0,2e-06
713977308,0,0.0
801064833,0,1e-06
708129933,0,6.9e-05
789167658,0,0.000973
720286908,0,0.0
716565258,0,0.000129
708564858,1,0.999975
778895883,0,2.9e-05
709410033,0,0.000112
710745633,0,1e-06
709008708,0,0.0
714738858,0,0.0
713639058,1,1.0
719739108,0,2e-06
826079508,0,0.0
710795883,0,0.0
710404533,0,4e-06
719359458,0,0.01696
821837958,0,0.000657
710691633,0,3.8e-05
779296908,0,0.031647
710797833,0,0.0
804337233,0,0.0
713823033,1,1.0
720076458,0,3e-06
809818008,0,8e-06
717376758,0,0.0
795844983,0,0.0
789368658,0,0.00025
720462633,0,0.0
708938508,0,0.000146
709560258,1,0.999999
717513933,0,4e-06
711113958,0,3.4e-05
713995233,0,2e-06
717906783,0,0.001007
716516208,0,0.000109
756658083,0,2.2e-05
718692258,0,4.1e-05
719816583,1,0.999897
787578183,0,0.0
788699808,0,0.002651
809320908,0,3.8e-05
789942033,1,0.999679
714006333,1,0.999589
710813733,0,1e-06
711679533,0,0.000215
709212183,0,1.2e-05
807523008,0,0.0
787480158,0,0.0
711272058,0,0.0
720033033,0,0.0
794124708,0,4.8e-05
790164408,0,0.000118
714831033,0,4.7e-05
718731183,1,0.999998
827888433,0,0.000101
711992133,0,0.0
711809283,0,3e-06
714574083,0,0.00191
769189083,0,9e-06
711968358,0,3e-06
711750183,0,0.000537
716511483,0,0.0
800869758,0,4.6e-05
715235808,0,0.0
714199983,0,0.0
718540308,0,0.0
716460933,0,6e-06
780277458,0,0.0
798011733,0,0.0
714046608,0,0.000651
713396358,0,7e-06
714005508,0,3.6e-05
717444558,0,2e-06
713905608,0,0.00035
711126483,0,0.000663
714602658,1,1.0
716019333,0,0.0
714869958,0,0.0
778459833,0,2e-06
789309558,0,0.000137
756736008,0,0.000643
779883933,0,7.7e-05
709343433,0,1.7e-05
806908608,0,5e-06
720521808,0,0.004498
709523508,0,2.3e-05
708373083,1,0.997422
713325108,0,0.000725
819214233,0,6.3e-05
713188383,0,6.7e-05
770778108,0,0.0
716610558,0,0.002904
715174158,0,0.000621
779608083,0,4.8e-05
780200208,0,6.2e-05
718675158,1,1.0
817977933,1,0.999997
755273658,0,0.0
715022133,0,9.8e-05
719804208,0,0.0
780056733,0,0.000179
780373233,0,2e-06
817188408,0,1.5e-05
772073508,1,1.0
803805483,0,1e-06
717823383,0,0.0
789907533,1,1.0
788259558,0,1.3e-05
815515158,0,0.0
713884458,0,4.7e-05
789717708,0,0.0
708160008,0,0.0
708702258,1,0.999998
789023508,0,6e-06
719265108,0,2.1e-05
813213558,0,0.000211
802460433,1,1.0
717995958,0,0.0
710697408,0,0.0
805458933,0,2.9e-05
713850783,0,2.2e-05
713876958,0,0.000173
718926258,0,2e-06
717585858,0,0.0
710303208,0,2e-06
770647233,0,7.4e-05
715459158,0,0.0
789185508,0,0.000102
779305008,0,1.4e-05
713343333,0,4.9e-05
749067633,0,0.000736
811713408,0,3e-06
789990333,0,0.001124
788770908,0,0.000332
709411383,0,0.0
708361833,0,0.000242
712801758,0,1e-06
721179708,0,1e-06
708511983,0,7e-06
711388458,0,0.001616
720486408,0,0.000315
709157133,0,1e-06
712240083,1,0.999992
782802033,1,0.999995
712091433,0,0.000142
720494058,0,4e-06
710277183,0,0.0
789804933,0,4e-06
719022558,0,3e-06
714573258,0,0.000162
709919283,0,1e-06
716481408,0,4.3e-05
719038008,0,0.000148
793456983,0,3e-06
720597108,1,0.999989
715233108,0,1e-06
709220583,0,0.000146
779324358,0,0.024742
712112733,0,1e-06
714443058,1,1.0
711109908,0,1e-06
717464958,0,6.1e-05
713701533,0,0.0
772565883,0,1e-06
758765808,0,0.261207
716851908,0,2.8e-05
721500108,0,0.0
820268358,0,0.0
717171408,0,0.000156
713567958,0,9.4e-05
716512383,0,0.037755
713008308,0,0.000261
780942633,0,0.004789
716249508,0,0.0
714909108,0,0.00021
778708533,1,0.99999
772725408,0,0.0
709534083,1,1.0
817144458,0,0.0
807157833,0,0.0
716371308,0,0.00067
716332533,0,0.00045
716924958,1,1.0
720904233,0,7e-06
711964533,0,2e-06
788715483,0,0.0
788832033,0,1e-05
716022258,1,0.998995
712208658,0,0.0
710482533,0,5e-06
717661908,0,0.0
720254883,0,1e-06
719532108,0,0.002308
779610033,1,1.0
819977058,0,0.0
772202058,0,0.000214
717658758,0,0.0
720467583,0,0.0
713314533,1,1.0
719318583,1,0.999994
789122808,1,0.999992
708525108,0,0.0
779662308,0,6e-06
717180633,0,1.8e-05
713000058,0,0.035771
709747308,0,1e-05
712235433,1,0.999989
712405908,0,1e-06
778885158,0,0.0
789143283,0,1e-06
721233033,1,1.0
718486608,0,0.0
713249883,0,0.000247
797743233,0,0.0
778346283,0,0.000101
721113333,0,3.1e-05
720707283,0,0.003631
788997408,0,6.1e-05
710456658,0,1e-06
808796208,0,1.1e-05
713685033,1,0.999999
788912658,0,0.0
712157958,1,1.0
711148308,0,0.0
719117433,0,0.006078
